{"cameraMode":{"drawMode":0,"name":"Shaded","section":"Shading Mode"},"sceneLighting":false,"audioPlay":false,"sceneViewState":{"showFog":true,"showMaterialUpdate":false,"showSkybox":true,"showFlares":true,"showImageEffects":true,"showParticleSystems":true},"in2DMode":false,"pivot":{"x":-4.591176509857178,"y":0.3152623474597931,"z":3.98500919342041},"rotation":{"x":0.030646026134490968,"y":0.7356096506118774,"z":-0.033354081213474277,"w":0.6758896112442017},"size":4.254876136779785,"orthographic":false}